hdb_id,booked_by,start_date,end_date,credit_card_type,credit_card_number,total_price
1,ituffrey0@altervista.org,2022-04-11,2022-04-25,americanexpress,374288184933579,1134
2,mgwyther1@tripod.com,2022-04-11,2022-04-25,mastercard,5387415647376870,56
3,vmanthroppe2@upenn.edu,2022-04-11,2022-04-25,americanexpress,372301124158348,742
4,ahassekl3@bing.com,2022-04-11,2022-04-25,americanexpress,374622107858341,1092
5,rszymanowicz4@xing.com,2022-04-11,2022-04-25,visa,4017953710389480,1274
6,cstanwix5@addthis.com,2022-04-11,2022-04-25,mastercard,5010123218051680,1162
7,gmcdavid6@about.me,2022-04-11,2022-04-25,mastercard,5405433421423910,1288
8,lwoloschinski7@example.com,2022-04-11,2022-04-25,mastercard,5103405254877660,14
9,abowland8@yandex.ru,2022-04-11,2022-04-25,americanexpress,374288533276787,1302
10,lyitzovicz9@topsy.com,2022-04-11,2022-04-25,mastercard,5100135011382050,980
11,aneatha@last.fm,2022-04-11,2022-04-25,visa,4041599109832,196
12,rohagirtieb@canalblog.com,2022-04-11,2022-04-25,americanexpress,374622469989049,532
13,mposselc@slate.com,2022-04-11,2022-04-25,visa,4041593019235,112
14,emcquilkind@feedburner.com,2022-04-11,2022-04-25,americanexpress,374288578818832,182
15,nmckiddine@abc.net.au,2022-04-11,2022-04-25,mastercard,5007665394241240,84
16,llimpennyf@mit.edu,2022-04-11,2022-04-25,americanexpress,374622804046539,742
17,eivelg@si.edu,2022-04-11,2022-04-25,americanexpress,374288402986714,714
18,mbeddoeh@plala.or.jp,2022-04-11,2022-04-25,americanexpress,374288969838712,728
19,wjeaysi@forbes.com,2022-04-11,2022-04-25,americanexpress,374283185947298,112
20,smaudlingj@w3.org,2022-04-11,2022-04-25,americanexpress,347830697863019,588
21,aavrahmk@github.io,2022-04-11,2022-04-25,americanexpress,342864001940580,686
22,dcasesl@google.co.uk,2022-04-11,2022-04-25,americanexpress,374288820356664,1176
23,mmacleesem@freewebs.com,2022-04-11,2022-04-25,visa,4017952246773490,1344
24,rhutablen@topsy.com,2022-04-11,2022-04-25,americanexpress,374622180138181,518
25,cbarrowclougho@aol.com,2022-04-11,2022-04-25,visa,4041592460882650,98
26,amackettrickp@liveinternet.ru,2022-04-11,2022-04-25,americanexpress,374622475104344,1330
27,grizzottoq@squidoo.com,2022-04-11,2022-04-25,americanexpress,372301001326356,1022
28,aprazorr@geocities.com,2022-04-11,2022-04-25,americanexpress,374283694626417,588
29,kdaingerfields@cnbc.com,2022-04-11,2022-04-25,americanexpress,374283675003719,1134
30,ncracknellt@angelfire.com,2022-04-11,2022-04-25,visa,4856894617837,994
31,msemeniuku@army.mil,2022-04-11,2022-04-25,americanexpress,347271751970707,448
32,eburdikinv@yandex.ru,2022-04-11,2022-04-25,mastercard,5007662227616490,812
33,jmegaheyw@comsenz.com,2022-04-11,2022-04-25,mastercard,5225150811731350,1274
34,ahaddacksx@eventbrite.com,2022-04-11,2022-04-25,americanexpress,372301816691457,784
35,gkirtleyy@umn.edu,2022-04-11,2022-04-25,mastercard,5007666891259450,1204
36,jfinkerz@posterous.com,2022-04-11,2022-04-25,visa,4559699435290080,1092
37,hlisciardelli10@wired.com,2022-04-11,2022-04-25,visa,4017952050227,1190
38,icrees11@phpbb.com,2022-04-11,2022-04-25,americanexpress,337941781603757,1078
39,bwelsby12@huffingtonpost.com,2022-04-11,2022-04-25,visa,4041378252381,588
40,rdodgshon13@mit.edu,2022-04-11,2022-04-25,visa,4407358208163490,1092
41,lgreening14@yellowpages.com,2022-04-11,2022-04-25,visa,4041377052121,784
42,edochon15@oaic.gov.au,2022-04-11,2022-04-25,americanexpress,372301821104157,686
43,jbedbury16@webs.com,2022-04-11,2022-04-25,visa,4017951092345,896
44,dcreswell17@hp.com,2022-04-11,2022-04-25,visa,4017957126030,434
45,mbierton18@adobe.com,2022-04-11,2022-04-25,americanexpress,374622530273837,910
46,bsolomonides19@dailymail.co.uk,2022-04-11,2022-04-25,visa,4041374407708,882
47,lleguin1a@mtv.com,2022-04-11,2022-04-25,visa,4017955530449,1064
48,jrowdell1b@noaa.gov,2022-04-11,2022-04-25,mastercard,5100173343455840,98
49,kjordison1c@friendfeed.com,2022-04-11,2022-04-25,visa,4041374786566440,196
50,dblyth1d@github.com,2022-04-11,2022-04-25,americanexpress,374622198758293,1064
51,cchisnell1e@i2i.jp,2022-04-11,2022-04-25,visa,4041594600410250,994
52,ndunlap1f@timesonline.co.uk,2022-04-11,2022-04-25,visa,4041591174453,1050
53,rduckering1g@ft.com,2022-04-11,2022-04-25,visa,4020091251893180,602
54,kpettet1h@photobucket.com,2022-04-11,2022-04-25,americanexpress,377647149036355,882
55,bketley1i@angelfire.com,2022-04-11,2022-04-25,americanexpress,342700576743431,1386
56,selsley1j@last.fm,2022-04-11,2022-04-25,americanexpress,337941442429287,574
57,wlightman1k@ameblo.jp,2022-04-11,2022-04-25,mastercard,5002350169004060,98
58,jrodgman1l@webnode.com,2022-04-11,2022-04-25,mastercard,5595262601903960,1064
59,besom1m@pen.io,2022-04-11,2022-04-25,mastercard,5414909922578050,1330
60,jvarnals1n@biblegateway.com,2022-04-11,2022-04-25,americanexpress,372301277482412,812
61,gsimpson1o@apple.com,2022-04-11,2022-04-25,visa,4017950253375520,196
62,hstoacley1p@vinaora.com,2022-04-11,2022-04-25,visa,4041378292833,966
63,ggawthorpe1q@miibeian.gov.cn,2022-04-11,2022-04-25,visa,4194800043157,434
64,rgrasser1r@github.com,2022-04-11,2022-04-25,mastercard,5222505145671380,1218
65,gmacartney1s@bbb.org,2022-04-11,2022-04-25,visa,4041376258259950,756
66,hwhitehall1t@fema.gov,2022-04-11,2022-04-25,visa,4041597351485,210
67,sjuggins1u@jugem.jp,2022-04-11,2022-04-25,americanexpress,348910461223621,1344
68,ebowgen1v@example.com,2022-04-11,2022-04-25,mastercard,5100179300694960,126
69,mdomerq1w@mozilla.org,2022-04-11,2022-04-25,americanexpress,374283847188224,42
70,hbearne1x@webs.com,2022-04-11,2022-04-25,visa,4818212111265,574
71,mtwidle1y@usda.gov,2022-04-11,2022-04-25,americanexpress,346215644991629,336
72,bderricoat1z@prweb.com,2022-04-11,2022-04-25,americanexpress,374622787723104,280
73,jdurnian20@house.gov,2022-04-11,2022-04-25,visa,4041597006907,392
74,abenzi21@google.com.au,2022-04-11,2022-04-25,mastercard,5048376050424210,686
75,lkarran22@godaddy.com,2022-04-11,2022-04-25,visa,4041376139366,756
76,kvittery23@columbia.edu,2022-04-11,2022-04-25,americanexpress,373551815546024,994
77,lgleave24@mozilla.org,2022-04-11,2022-04-25,visa,4201432771756,210
78,ogullivent25@jugem.jp,2022-04-11,2022-04-25,americanexpress,374622640906920,1078
79,pcudihy26@stanford.edu,2022-04-11,2022-04-25,americanexpress,372301124387236,1316
80,bcordet27@bandcamp.com,2022-04-11,2022-04-25,mastercard,5367358277801320,476
81,twolfers28@skype.com,2022-04-11,2022-04-25,mastercard,5048377517728980,1274
82,kgregorace29@mozilla.com,2022-04-11,2022-04-25,mastercard,5589260156817070,1386
83,arowlinson2a@cisco.com,2022-04-11,2022-04-25,visa,4041377579099,28
84,pjindra2b@businessweek.com,2022-04-11,2022-04-25,americanexpress,372301704226648,476
85,tmacdougall2c@mail.ru,2022-04-11,2022-04-25,visa,4041595307695,1316
86,jstobbe2d@woothemes.com,2022-04-11,2022-04-25,mastercard,5100144725837780,1344
87,mtorri2e@ocn.ne.jp,2022-04-11,2022-04-25,mastercard,5579342841454170,1372
88,cmossom2f@scientificamerican.com,2022-04-11,2022-04-25,visa,4041593924292850,1120
89,kjoscelin2g@biglobe.ne.jp,2022-04-11,2022-04-25,visa,4785623703396,518
90,ftweede2h@digg.com,2022-04-11,2022-04-25,visa,4017951957430,1372
91,lmccarty2i@independent.co.uk,2022-04-11,2022-04-25,americanexpress,372301431109570,280
92,cedgson2j@feedburner.com,2022-04-11,2022-04-25,visa,4041595530411,938
93,swhitwham2k@disqus.com,2022-04-11,2022-04-25,americanexpress,337941801951012,1064
94,ajosey2l@vinaora.com,2022-04-11,2022-04-25,visa,4041377938915,700
95,tcluff2m@sakura.ne.jp,2022-04-11,2022-04-25,americanexpress,374283060042637,952
96,gkevis2n@tuttocitta.it,2022-04-11,2022-04-25,americanexpress,374283291216778,70
97,swhitwham2k@disqus.com,2022-04-11,2022-04-25,visa,4985834004853,126
98,ajosey2l@vinaora.com,2022-04-11,2022-04-25,visa,4041596686279,574
99,tcluff2m@sakura.ne.jp,2022-04-11,2022-04-25,visa,4041597824085,1344
100,gkevis2n@tuttocitta.it,2022-04-11,2022-04-25,visa,4164093502475650,312
1,ituffrey0@altervista.org,2022-05-01,2022-05-14,visa,4017958726994,1053
2,mgwyther1@tripod.com,2022-05-01,2022-05-14,mastercard,5217124940968760,52
3,vmanthroppe2@upenn.edu,2022-05-01,2022-05-14,visa,4041379491020,689
4,ahassekl3@bing.com,2022-05-01,2022-05-14,visa,4866129105581,1014
5,rszymanowicz4@xing.com,2022-05-01,2022-05-14,mastercard,5002353636314580,1183
6,cstanwix5@addthis.com,2022-05-01,2022-05-14,americanexpress,374288820181732,1079
7,gmcdavid6@about.me,2022-05-01,2022-05-14,mastercard,5417645808224690,1196
8,lwoloschinski7@example.com,2022-05-01,2022-05-14,americanexpress,372566590611281,13
9,abowland8@yandex.ru,2022-05-01,2022-05-14,mastercard,5100130592981310,1209
10,lyitzovicz9@topsy.com,2022-05-01,2022-05-14,visa,4017955302906,910
11,aneatha@last.fm,2022-05-01,2022-05-14,mastercard,5010127541047150,182
12,rohagirtieb@canalblog.com,2022-05-01,2022-05-14,mastercard,5100140399078360,494
13,mposselc@slate.com,2022-05-01,2022-05-14,visa,4041370694705,104
14,emcquilkind@feedburner.com,2022-05-01,2022-05-14,americanexpress,374622131717927,169
15,nmckiddine@abc.net.au,2022-05-01,2022-05-14,visa,4017959972464140,78
16,llimpennyf@mit.edu,2022-05-01,2022-05-14,americanexpress,374622528284218,689
17,eivelg@si.edu,2022-05-01,2022-05-14,visa,4199899535047,663
18,mbeddoeh@plala.or.jp,2022-05-01,2022-05-14,americanexpress,346292431233572,676
19,wjeaysi@forbes.com,2022-05-01,2022-05-14,americanexpress,343296995741659,104
20,smaudlingj@w3.org,2022-05-01,2022-05-14,visa,4041599096286,546
21,aavrahmk@github.io,2022-05-01,2022-05-14,visa,4041594162372190,637
22,dcasesl@google.co.uk,2022-05-01,2022-05-14,americanexpress,374622128134763,1092
23,mmacleesem@freewebs.com,2022-05-01,2022-05-14,mastercard,5493883289964110,1248
24,rhutablen@topsy.com,2022-05-01,2022-05-14,mastercard,5449191446535500,481
25,cbarrowclougho@aol.com,2022-05-01,2022-05-14,americanexpress,349491578555253,91
26,amackettrickp@liveinternet.ru,2022-05-01,2022-05-14,americanexpress,337941526500227,1235
27,grizzottoq@squidoo.com,2022-05-01,2022-05-14,visa,4041594637807170,949
28,aprazorr@geocities.com,2022-05-01,2022-05-14,mastercard,5002351983872970,546
29,kdaingerfields@cnbc.com,2022-05-01,2022-05-14,americanexpress,374622364342419,1053
30,ncracknellt@angelfire.com,2022-05-01,2022-05-14,americanexpress,337941345437585,923
31,msemeniuku@army.mil,2022-05-01,2022-05-14,visa,4017952486421,416
32,eburdikinv@yandex.ru,2022-05-01,2022-05-14,mastercard,5007666129855520,754
33,jmegaheyw@comsenz.com,2022-05-01,2022-05-14,visa,4041597246574750,1183
34,ahaddacksx@eventbrite.com,2022-05-01,2022-05-14,visa,4017955820568,728
35,gkirtleyy@umn.edu,2022-05-01,2022-05-14,americanexpress,374288910739381,1118
36,jfinkerz@posterous.com,2022-05-01,2022-05-14,mastercard,5285797112449450,1014
37,hlisciardelli10@wired.com,2022-05-01,2022-05-14,americanexpress,372301615182492,1105
38,icrees11@phpbb.com,2022-05-01,2022-05-14,visa,4041592838981,1001
39,bwelsby12@huffingtonpost.com,2022-05-01,2022-05-14,visa,4017957756257,546
40,rdodgshon13@mit.edu,2022-05-01,2022-05-14,visa,4230307506344,1014
41,lgreening14@yellowpages.com,2022-05-01,2022-05-14,visa,4805572354668,728
42,edochon15@oaic.gov.au,2022-05-01,2022-05-14,mastercard,5347969019035850,637
43,jbedbury16@webs.com,2022-05-01,2022-05-14,americanexpress,372108310141354,832
44,dcreswell17@hp.com,2022-05-01,2022-05-14,visa,4017955306468700,403
45,mbierton18@adobe.com,2022-05-01,2022-05-14,visa,4878095193431840,845
46,bsolomonides19@dailymail.co.uk,2022-05-01,2022-05-14,mastercard,5367032491521480,819
47,lleguin1a@mtv.com,2022-05-01,2022-05-14,americanexpress,374288524537775,988
48,jrowdell1b@noaa.gov,2022-05-01,2022-05-14,mastercard,5100139270067730,91
49,kjordison1c@friendfeed.com,2022-05-01,2022-05-14,mastercard,5010127401113700,182
50,dblyth1d@github.com,2022-05-01,2022-05-14,mastercard,5119449950320130,988
51,cchisnell1e@i2i.jp,2022-05-01,2022-05-14,mastercard,5048371930562240,923
52,ndunlap1f@timesonline.co.uk,2022-05-01,2022-05-14,americanexpress,374622778810910,975
53,rduckering1g@ft.com,2022-05-01,2022-05-14,visa,4041376912002,559
54,kpettet1h@photobucket.com,2022-05-01,2022-05-14,mastercard,5007663117691540,819
55,bketley1i@angelfire.com,2022-05-01,2022-05-14,mastercard,5048373883600830,1287
56,selsley1j@last.fm,2022-05-01,2022-05-14,americanexpress,344148888402312,533
57,wlightman1k@ameblo.jp,2022-05-01,2022-05-14,americanexpress,340850350646813,91
58,jrodgman1l@webnode.com,2022-05-01,2022-05-14,visa,4041377162945610,988
59,besom1m@pen.io,2022-05-01,2022-05-14,visa,4041370796021,1235
60,jvarnals1n@biblegateway.com,2022-05-01,2022-05-14,mastercard,5502589720860950,754
61,gsimpson1o@apple.com,2022-05-01,2022-05-14,visa,4041375399442590,182
62,hstoacley1p@vinaora.com,2022-05-01,2022-05-14,visa,4017959782884930,897
63,ggawthorpe1q@miibeian.gov.cn,2022-05-01,2022-05-14,visa,4629074146683880,403
64,rgrasser1r@github.com,2022-05-01,2022-05-14,americanexpress,372301398675852,1131
65,gmacartney1s@bbb.org,2022-05-01,2022-05-14,mastercard,5010122322571420,702
66,hwhitehall1t@fema.gov,2022-05-01,2022-05-14,visa,4041374347649290,195
67,sjuggins1u@jugem.jp,2022-05-01,2022-05-14,mastercard,5508500777499900,1248
68,ebowgen1v@example.com,2022-05-01,2022-05-14,americanexpress,374622740697882,117
69,mdomerq1w@mozilla.org,2022-05-01,2022-05-14,visa,4041375608420210,39
70,hbearne1x@webs.com,2022-05-01,2022-05-14,visa,4041375516580,533
71,mtwidle1y@usda.gov,2022-05-01,2022-05-14,mastercard,5048378286544650,312
72,bderricoat1z@prweb.com,2022-05-01,2022-05-14,mastercard,5010120772685460,260
73,jdurnian20@house.gov,2022-05-01,2022-05-14,mastercard,5100175951247130,364
74,abenzi21@google.com.au,2022-05-01,2022-05-14,visa,4707665002277310,637
75,lkarran22@godaddy.com,2022-05-01,2022-05-14,mastercard,5493789682741810,702
76,kvittery23@columbia.edu,2022-05-01,2022-05-14,americanexpress,374622770030079,923
77,lgleave24@mozilla.org,2022-05-01,2022-05-14,visa,4041372047034240,195
78,ogullivent25@jugem.jp,2022-05-01,2022-05-14,visa,4041376225678,1001
79,pcudihy26@stanford.edu,2022-05-01,2022-05-14,mastercard,5427953589306370,1222
80,bcordet27@bandcamp.com,2022-05-01,2022-05-14,visa,4017957719545,442
81,twolfers28@skype.com,2022-05-01,2022-05-14,visa,4041378540231,1183
82,kgregorace29@mozilla.com,2022-05-01,2022-05-14,americanexpress,374288299367481,1287
83,arowlinson2a@cisco.com,2022-05-01,2022-05-14,americanexpress,337941150604584,26
84,pjindra2b@businessweek.com,2022-05-01,2022-05-14,mastercard,5312227292918670,442
85,tmacdougall2c@mail.ru,2022-05-01,2022-05-14,visa,4041373855951730,1222
86,jstobbe2d@woothemes.com,2022-05-01,2022-05-14,americanexpress,374283046310322,1248
87,mtorri2e@ocn.ne.jp,2022-05-01,2022-05-14,visa,4041592920359,1274
88,cmossom2f@scientificamerican.com,2022-05-01,2022-05-14,americanexpress,370111553461317,1040
89,kjoscelin2g@biglobe.ne.jp,2022-05-01,2022-05-14,visa,4017952867711,481
90,ftweede2h@digg.com,2022-05-01,2022-05-14,mastercard,5048374072507810,1274
91,lmccarty2i@independent.co.uk,2022-05-01,2022-05-14,americanexpress,337941696948222,260
92,cedgson2j@feedburner.com,2022-05-01,2022-05-14,americanexpress,374288144855763,871
93,swhitwham2k@disqus.com,2022-05-01,2022-05-14,visa,4785252456048260,988
94,ajosey2l@vinaora.com,2022-05-01,2022-05-14,americanexpress,374283969437128,650
95,tcluff2m@sakura.ne.jp,2022-05-01,2022-05-14,visa,4017958305718290,884
96,gkevis2n@tuttocitta.it,2022-05-01,2022-05-14,visa,4041371618717080,65
97,swhitwham2k@disqus.com,2022-05-01,2022-05-14,americanexpress,372301023208541,117
98,ajosey2l@vinaora.com,2022-05-01,2022-05-14,americanexpress,374283937605384,533
99,tcluff2m@sakura.ne.jp,2022-05-01,2022-05-14,mastercard,5345723756760530,1248
100,gkevis2n@tuttocitta.it,2022-05-01,2022-05-14,americanexpress,372301194381663,312
1,ituffrey0@altervista.org,2022-06-01,2022-06-14,mastercard,5010127909915060,1053
2,mgwyther1@tripod.com,2022-06-01,2022-06-14,mastercard,5100176967905850,52
3,vmanthroppe2@upenn.edu,2022-06-01,2022-06-14,mastercard,5100142272722440,689
4,ahassekl3@bing.com,2022-06-01,2022-06-14,mastercard,5448185702122010,1014
5,rszymanowicz4@xing.com,2022-06-01,2022-06-14,mastercard,5534097138353910,1183
6,cstanwix5@addthis.com,2022-06-01,2022-06-14,mastercard,5100140982076430,1079
7,gmcdavid6@about.me,2022-06-01,2022-06-14,americanexpress,375734238840459,1196
8,lwoloschinski7@example.com,2022-06-01,2022-06-14,americanexpress,376353962053798,13
9,abowland8@yandex.ru,2022-06-01,2022-06-14,americanexpress,337941383004404,1209
10,lyitzovicz9@topsy.com,2022-06-01,2022-06-14,americanexpress,374622742839623,910
11,aneatha@last.fm,2022-06-01,2022-06-14,visa,4041377062930,182
12,rohagirtieb@canalblog.com,2022-06-01,2022-06-14,americanexpress,374288939060025,494
13,mposselc@slate.com,2022-06-01,2022-06-14,americanexpress,374283975971797,104
14,emcquilkind@feedburner.com,2022-06-01,2022-06-14,americanexpress,337941011849006,169
15,nmckiddine@abc.net.au,2022-06-01,2022-06-14,americanexpress,337941659336092,78
16,llimpennyf@mit.edu,2022-06-01,2022-06-14,americanexpress,372301672238542,689
17,eivelg@si.edu,2022-06-01,2022-06-14,mastercard,5010124306567630,663
18,mbeddoeh@plala.or.jp,2022-06-01,2022-06-14,mastercard,5390819862876850,676
19,wjeaysi@forbes.com,2022-06-01,2022-06-14,visa,4041377737168,104
20,smaudlingj@w3.org,2022-06-01,2022-06-14,mastercard,5307862055916410,546
21,aavrahmk@github.io,2022-06-01,2022-06-14,mastercard,5100175816029830,637
22,dcasesl@google.co.uk,2022-06-01,2022-06-14,mastercard,5414383022442820,1092
23,mmacleesem@freewebs.com,2022-06-01,2022-06-14,mastercard,5243911451399810,1248
24,rhutablen@topsy.com,2022-06-01,2022-06-14,americanexpress,379495364949680,481
25,cbarrowclougho@aol.com,2022-06-01,2022-06-14,americanexpress,372301972133377,91
26,amackettrickp@liveinternet.ru,2022-06-01,2022-06-14,mastercard,5270746063773970,1235
27,grizzottoq@squidoo.com,2022-06-01,2022-06-14,visa,4041374398881,949
28,aprazorr@geocities.com,2022-06-01,2022-06-14,americanexpress,374283441763083,546
29,kdaingerfields@cnbc.com,2022-06-01,2022-06-14,mastercard,5048370911541540,1053
30,ncracknellt@angelfire.com,2022-06-01,2022-06-14,americanexpress,372301365771726,923
31,msemeniuku@army.mil,2022-06-01,2022-06-14,americanexpress,372301964437703,416
32,eburdikinv@yandex.ru,2022-06-01,2022-06-14,americanexpress,346472464480338,754
33,jmegaheyw@comsenz.com,2022-06-01,2022-06-14,mastercard,5547897293883620,1183
34,ahaddacksx@eventbrite.com,2022-06-01,2022-06-14,americanexpress,372301503955033,728
35,gkirtleyy@umn.edu,2022-06-01,2022-06-14,mastercard,5010121348498460,1118
36,jfinkerz@posterous.com,2022-06-01,2022-06-14,mastercard,5002352006875510,1014
37,hlisciardelli10@wired.com,2022-06-01,2022-06-14,visa,4762823135948930,1105
38,icrees11@phpbb.com,2022-06-01,2022-06-14,visa,4017953113143410,1001
39,bwelsby12@huffingtonpost.com,2022-06-01,2022-06-14,visa,4017957567472,546
40,rdodgshon13@mit.edu,2022-06-01,2022-06-14,americanexpress,340436143617889,1014
41,lgreening14@yellowpages.com,2022-06-01,2022-06-14,visa,4041594365309140,728
42,edochon15@oaic.gov.au,2022-06-01,2022-06-14,americanexpress,344907901013350,637
43,jbedbury16@webs.com,2022-06-01,2022-06-14,mastercard,5252567147021790,832
44,dcreswell17@hp.com,2022-06-01,2022-06-14,visa,4041371668404150,403
45,mbierton18@adobe.com,2022-06-01,2022-06-14,mastercard,5002351789326370,845
46,bsolomonides19@dailymail.co.uk,2022-06-01,2022-06-14,visa,4017956086521750,819
47,lleguin1a@mtv.com,2022-06-01,2022-06-14,visa,4017959182044510,988
48,jrowdell1b@noaa.gov,2022-06-01,2022-06-14,mastercard,5100177542822560,91
49,kjordison1c@friendfeed.com,2022-06-01,2022-06-14,visa,4041373136803,182
50,dblyth1d@github.com,2022-06-01,2022-06-14,mastercard,5010125075297270,988
51,cchisnell1e@i2i.jp,2022-06-01,2022-06-14,visa,4041590942489650,923
52,ndunlap1f@timesonline.co.uk,2022-06-01,2022-06-14,visa,4575434699143,975
53,rduckering1g@ft.com,2022-06-01,2022-06-14,americanexpress,337941223152199,559
54,kpettet1h@photobucket.com,2022-06-01,2022-06-14,mastercard,5452030084687640,819
55,bketley1i@angelfire.com,2022-06-01,2022-06-14,mastercard,5002355359655880,1287
56,selsley1j@last.fm,2022-06-01,2022-06-14,visa,4722017056162000,533
57,wlightman1k@ameblo.jp,2022-06-01,2022-06-14,americanexpress,374283267262194,91
58,jrodgman1l@webnode.com,2022-06-01,2022-06-14,mastercard,5007661106502650,988
59,besom1m@pen.io,2022-06-01,2022-06-14,mastercard,5108753759582010,1235
60,jvarnals1n@biblegateway.com,2022-06-01,2022-06-14,visa,4017953080587,754
61,gsimpson1o@apple.com,2022-06-01,2022-06-14,visa,4041592045645,182
62,hstoacley1p@vinaora.com,2022-06-01,2022-06-14,americanexpress,374622507993326,897
63,ggawthorpe1q@miibeian.gov.cn,2022-06-01,2022-06-14,americanexpress,372301835850571,403
64,rgrasser1r@github.com,2022-06-01,2022-06-14,visa,4855711271711,1131
65,gmacartney1s@bbb.org,2022-06-01,2022-06-14,visa,4017959931031,702
66,hwhitehall1t@fema.gov,2022-06-01,2022-06-14,visa,4017958078325440,195
67,sjuggins1u@jugem.jp,2022-06-01,2022-06-14,visa,4092136042945,1248
68,ebowgen1v@example.com,2022-06-01,2022-06-14,visa,4041375099421,117
69,mdomerq1w@mozilla.org,2022-06-01,2022-06-14,americanexpress,376712853501431,39
70,hbearne1x@webs.com,2022-06-01,2022-06-14,mastercard,5337680407519940,533
71,mtwidle1y@usda.gov,2022-06-01,2022-06-14,visa,4017956847156,312
72,bderricoat1z@prweb.com,2022-06-01,2022-06-14,visa,4041377097118,260
73,jdurnian20@house.gov,2022-06-01,2022-06-14,americanexpress,346734289974344,364
74,abenzi21@google.com.au,2022-06-01,2022-06-14,mastercard,5100172330828800,637
75,lkarran22@godaddy.com,2022-06-01,2022-06-14,americanexpress,370132715746056,702
76,kvittery23@columbia.edu,2022-06-01,2022-06-14,visa,4017954917779,923
77,lgleave24@mozilla.org,2022-06-01,2022-06-14,mastercard,5562239147050070,195
78,ogullivent25@jugem.jp,2022-06-01,2022-06-14,mastercard,5588369294132760,1001
79,pcudihy26@stanford.edu,2022-06-01,2022-06-14,mastercard,5564232544275920,1222
80,bcordet27@bandcamp.com,2022-06-01,2022-06-14,mastercard,5100132851676770,442
81,twolfers28@skype.com,2022-06-01,2022-06-14,mastercard,5048377295914510,1183
82,kgregorace29@mozilla.com,2022-06-01,2022-06-14,americanexpress,337941477775059,1287
83,arowlinson2a@cisco.com,2022-06-01,2022-06-14,mastercard,5108755259270580,26
84,pjindra2b@businessweek.com,2022-06-01,2022-06-14,visa,4426266773765140,442
85,tmacdougall2c@mail.ru,2022-06-01,2022-06-14,mastercard,5592857478417160,1222
86,jstobbe2d@woothemes.com,2022-06-01,2022-06-14,mastercard,5108754663795680,1248
87,mtorri2e@ocn.ne.jp,2022-06-01,2022-06-14,visa,4017957598632490,1274
88,cmossom2f@scientificamerican.com,2022-06-01,2022-06-14,mastercard,5571934763403450,1040
89,kjoscelin2g@biglobe.ne.jp,2022-06-01,2022-06-14,mastercard,5108754238367160,481
90,ftweede2h@digg.com,2022-06-01,2022-06-14,visa,4041373288463,1274
91,lmccarty2i@independent.co.uk,2022-06-01,2022-06-14,americanexpress,372301409952837,260
92,cedgson2j@feedburner.com,2022-06-01,2022-06-14,visa,4041371355277370,871
93,swhitwham2k@disqus.com,2022-06-01,2022-06-14,americanexpress,337941779013902,988
94,ajosey2l@vinaora.com,2022-06-01,2022-06-14,mastercard,5010126090482660,650
95,tcluff2m@sakura.ne.jp,2022-06-01,2022-06-14,mastercard,5007661776150190,884
96,gkevis2n@tuttocitta.it,2022-06-01,2022-06-14,americanexpress,349406796897451,65
97,swhitwham2k@disqus.com,2022-06-01,2022-06-14,visa,4413369995923430,117
98,ajosey2l@vinaora.com,2022-06-01,2022-06-14,visa,4530423578907,533
99,tcluff2m@sakura.ne.jp,2022-06-01,2022-06-14,mastercard,5100131811204540,1248
100,gkevis2n@tuttocitta.it,2022-06-01,2022-06-14,visa,4422684949929010,312
1,ituffrey0@altervista.org,2022-07-01,2022-07-14,mastercard,5529137059729580,1053
2,mgwyther1@tripod.com,2022-07-01,2022-07-14,americanexpress,347637806699808,52
3,vmanthroppe2@upenn.edu,2022-07-01,2022-07-14,visa,4288913458987,689
4,ahassekl3@bing.com,2022-07-01,2022-07-14,americanexpress,374288999906729,1014
5,rszymanowicz4@xing.com,2022-07-01,2022-07-14,mastercard,5010121836691810,1183
6,cstanwix5@addthis.com,2022-07-01,2022-07-14,mastercard,5108755684166690,1079
7,gmcdavid6@about.me,2022-07-01,2022-07-14,visa,4041375418621,1196
8,lwoloschinski7@example.com,2022-07-01,2022-07-14,mastercard,5100172066889700,13
9,abowland8@yandex.ru,2022-07-01,2022-07-14,mastercard,5048376560933910,1209
10,lyitzovicz9@topsy.com,2022-07-01,2022-07-14,mastercard,5108753297779990,910
11,aneatha@last.fm,2022-07-01,2022-07-14,visa,4041374481927,182
12,rohagirtieb@canalblog.com,2022-07-01,2022-07-14,americanexpress,337941774212228,494
13,mposselc@slate.com,2022-07-01,2022-07-14,americanexpress,372301710680689,104
14,emcquilkind@feedburner.com,2022-07-01,2022-07-14,visa,4041598940427,169
15,nmckiddine@abc.net.au,2022-07-01,2022-07-14,mastercard,5127075911720950,78
16,llimpennyf@mit.edu,2022-07-01,2022-07-14,mastercard,5451130371845620,689
17,eivelg@si.edu,2022-07-01,2022-07-14,americanexpress,345765400869030,663
18,mbeddoeh@plala.or.jp,2022-07-01,2022-07-14,americanexpress,372301483838597,676
19,wjeaysi@forbes.com,2022-07-01,2022-07-14,mastercard,5349507411947800,104
20,smaudlingj@w3.org,2022-07-01,2022-07-14,americanexpress,374622004614821,546
21,aavrahmk@github.io,2022-07-01,2022-07-14,americanexpress,374283340822907,637
22,dcasesl@google.co.uk,2022-07-01,2022-07-14,visa,4041599526454150,1092
23,mmacleesem@freewebs.com,2022-07-01,2022-07-14,americanexpress,342035747097064,1248
24,rhutablen@topsy.com,2022-07-01,2022-07-14,mastercard,5007667123557790,481
25,cbarrowclougho@aol.com,2022-07-01,2022-07-14,americanexpress,374288471694421,91
26,amackettrickp@liveinternet.ru,2022-07-01,2022-07-14,americanexpress,337941882260325,1235
27,grizzottoq@squidoo.com,2022-07-01,2022-07-14,visa,4041596855881190,949
28,aprazorr@geocities.com,2022-07-01,2022-07-14,visa,4017952929404,546
29,kdaingerfields@cnbc.com,2022-07-01,2022-07-14,mastercard,5404903492632810,1053
30,ncracknellt@angelfire.com,2022-07-01,2022-07-14,americanexpress,337941863017264,923
31,msemeniuku@army.mil,2022-07-01,2022-07-14,mastercard,5326452510783210,416
32,eburdikinv@yandex.ru,2022-07-01,2022-07-14,mastercard,5522767124754580,754
33,jmegaheyw@comsenz.com,2022-07-01,2022-07-14,americanexpress,342679095527279,1183
34,ahaddacksx@eventbrite.com,2022-07-01,2022-07-14,americanexpress,372361276412752,728
35,gkirtleyy@umn.edu,2022-07-01,2022-07-14,mastercard,5338115486410760,1118
36,jfinkerz@posterous.com,2022-07-01,2022-07-14,americanexpress,374622691375017,1014
37,hlisciardelli10@wired.com,2022-07-01,2022-07-14,americanexpress,377478534203602,1105
38,icrees11@phpbb.com,2022-07-01,2022-07-14,americanexpress,372301958020069,1001
39,bwelsby12@huffingtonpost.com,2022-07-01,2022-07-14,mastercard,5007668020460290,546
40,rdodgshon13@mit.edu,2022-07-01,2022-07-14,visa,4093270499742170,1014
41,lgreening14@yellowpages.com,2022-07-01,2022-07-14,mastercard,5100146168872120,728
42,edochon15@oaic.gov.au,2022-07-01,2022-07-14,americanexpress,374622766699093,637
43,jbedbury16@webs.com,2022-07-01,2022-07-14,americanexpress,374288565312567,832
44,dcreswell17@hp.com,2022-07-01,2022-07-14,americanexpress,370756888320222,403
45,mbierton18@adobe.com,2022-07-01,2022-07-14,mastercard,5469651549007100,845
46,bsolomonides19@dailymail.co.uk,2022-07-01,2022-07-14,mastercard,5316279805420320,819
47,lleguin1a@mtv.com,2022-07-01,2022-07-14,mastercard,5100147566380700,988
48,jrowdell1b@noaa.gov,2022-07-01,2022-07-14,mastercard,5134360026666120,91
49,kjordison1c@friendfeed.com,2022-07-01,2022-07-14,visa,4041590453267670,182
50,dblyth1d@github.com,2022-07-01,2022-07-14,mastercard,5475400154644830,988
51,cchisnell1e@i2i.jp,2022-07-01,2022-07-14,americanexpress,372301757058195,923
52,ndunlap1f@timesonline.co.uk,2022-07-01,2022-07-14,americanexpress,337941618995566,975
53,rduckering1g@ft.com,2022-07-01,2022-07-14,visa,4415378853805300,559
54,kpettet1h@photobucket.com,2022-07-01,2022-07-14,mastercard,5048372283462960,819
55,bketley1i@angelfire.com,2022-07-01,2022-07-14,mastercard,5598859127643670,1287
56,selsley1j@last.fm,2022-07-01,2022-07-14,visa,4041378933394,533
57,wlightman1k@ameblo.jp,2022-07-01,2022-07-14,mastercard,5597212144449730,91
58,jrodgman1l@webnode.com,2022-07-01,2022-07-14,visa,4178759099335370,988
59,besom1m@pen.io,2022-07-01,2022-07-14,mastercard,5100174892444740,1235
60,jvarnals1n@biblegateway.com,2022-07-01,2022-07-14,americanexpress,372301845817230,754
61,gsimpson1o@apple.com,2022-07-01,2022-07-14,americanexpress,337941445738353,182
62,hstoacley1p@vinaora.com,2022-07-01,2022-07-14,americanexpress,337941811446094,897
63,ggawthorpe1q@miibeian.gov.cn,2022-07-01,2022-07-14,mastercard,5100143408156190,403
64,rgrasser1r@github.com,2022-07-01,2022-07-14,visa,4041375391451610,1131
65,gmacartney1s@bbb.org,2022-07-01,2022-07-14,americanexpress,374288143503851,702
66,hwhitehall1t@fema.gov,2022-07-01,2022-07-14,americanexpress,374622463472992,195
67,sjuggins1u@jugem.jp,2022-07-01,2022-07-14,mastercard,5010121426569840,1248
68,ebowgen1v@example.com,2022-07-01,2022-07-14,americanexpress,374283345112858,117
69,mdomerq1w@mozilla.org,2022-07-01,2022-07-14,americanexpress,374288186458153,39
70,hbearne1x@webs.com,2022-07-01,2022-07-14,visa,4041596838547130,533
71,mtwidle1y@usda.gov,2022-07-01,2022-07-14,americanexpress,374283178782009,312
72,bderricoat1z@prweb.com,2022-07-01,2022-07-14,mastercard,5048377400756680,260
73,jdurnian20@house.gov,2022-07-01,2022-07-14,visa,4026354454200,364
74,abenzi21@google.com.au,2022-07-01,2022-07-14,visa,4811207437720,637
75,lkarran22@godaddy.com,2022-07-01,2022-07-14,visa,4107215281444,702
76,kvittery23@columbia.edu,2022-07-01,2022-07-14,visa,4017957140494,923
77,lgleave24@mozilla.org,2022-07-01,2022-07-14,visa,4706095716914,195
78,ogullivent25@jugem.jp,2022-07-01,2022-07-14,americanexpress,372301190946568,1001
79,pcudihy26@stanford.edu,2022-07-01,2022-07-14,americanexpress,345313824605258,1222
80,bcordet27@bandcamp.com,2022-07-01,2022-07-14,americanexpress,374622330268615,442
81,twolfers28@skype.com,2022-07-01,2022-07-14,americanexpress,374288377712657,1183
82,kgregorace29@mozilla.com,2022-07-01,2022-07-14,americanexpress,337941905027263,1287
83,arowlinson2a@cisco.com,2022-07-01,2022-07-14,americanexpress,348052492569845,26
84,pjindra2b@businessweek.com,2022-07-01,2022-07-14,mastercard,5100175273818340,442
85,tmacdougall2c@mail.ru,2022-07-01,2022-07-14,americanexpress,337941613279784,1222
86,jstobbe2d@woothemes.com,2022-07-01,2022-07-14,visa,4247909725048510,1248
87,mtorri2e@ocn.ne.jp,2022-07-01,2022-07-14,mastercard,5100144256538560,1274
88,cmossom2f@scientificamerican.com,2022-07-01,2022-07-14,mastercard,5523136099387470,1040
89,kjoscelin2g@biglobe.ne.jp,2022-07-01,2022-07-14,visa,4041374018307,481
90,ftweede2h@digg.com,2022-07-01,2022-07-14,americanexpress,374283219054509,1274
91,lmccarty2i@independent.co.uk,2022-07-01,2022-07-14,visa,4460691351144,260
92,cedgson2j@feedburner.com,2022-07-01,2022-07-14,americanexpress,374283160151338,871
93,swhitwham2k@disqus.com,2022-07-01,2022-07-14,mastercard,5002354153847560,988
94,ajosey2l@vinaora.com,2022-07-01,2022-07-14,mastercard,5122726521178480,650
95,tcluff2m@sakura.ne.jp,2022-07-01,2022-07-14,mastercard,5048373887243220,884
96,gkevis2n@tuttocitta.it,2022-07-01,2022-07-14,visa,4017956088926,65
97,swhitwham2k@disqus.com,2022-07-01,2022-07-14,visa,4041594561789,117
98,ajosey2l@vinaora.com,2022-07-01,2022-07-14,americanexpress,372301907084232,533
99,tcluff2m@sakura.ne.jp,2022-07-01,2022-07-14,americanexpress,337941969036010,1248
100,gkevis2n@tuttocitta.it,2022-07-01,2022-07-14,visa,4041592277775780,312
